{
  "COMPRESSION_TYPE": "HUFFMAN",
  "DATA_SET_ID": "JUNO-J-JUNOCAM-2-EDR-L0-V1.0",
  "DESCRIPTION": "",
  "EXPOSURE_DURATION": "6.400000 <ms>",
  "FILE_NAME": "JNCE_2024362_68C00012_V01-raw.png",
  "FILE_RECORDS": 5376,
  "FILTER_NAME": [
    "BLUE",
    "GREEN",
    "RED"
  ],
  "FOCAL_PLANE_TEMPERATURE": "273.0 <K>",
  "IMAGE_TIME": "2024-12-27T01:18:13.519",
  "INSTRUMENT_HOST_NAME": "JUNO",
  "INSTRUMENT_ID": "JNC",
  "INSTRUMENT_NAME": "JUNO EPO CAMERA",
  "INTERFRAME_DELAY": "0.371 <s>",
  "JNO:TDI_STAGES_COUNT": 2,
  "LINES": 5376,
  "LINE_PREFIX_BYTES": 0,
  "LINE_SAMPLES": 1648,
  "LINE_SUFFIX_BYTES": 0,
  "MISSION_PHASE_NAME": "PERIJOVE 68",
  "ORBIT_NUMBER": 68,
  "PJ": "68",
  "PROCESSING_LEVEL_ID": 2,
  "PRODUCER_ID": "JUNO_JUNOCAM_TEAM",
  "PRODUCT_CREATION_TIME": "2024-12-28T00:50:42",
  "PRODUCT_ID": "JNCE_2024362_68C00012_V01",
  "PRODUCT_VERSION_ID": 1,
  "RATIONALE_DESC": "Io Image",
  "RECORD_BYTES": 1648,
  "SAMPLE_BITS": 8,
  "SAMPLE_BIT_MASK": "2#11111111#",
  "SAMPLE_BIT_MODE_ID": "SQROOT",
  "SAMPLE_TYPE": "UNSIGNED_INTEGER",
  "SAMPLING_FACTOR": 1,
  "SEQUENCE_ID": "jm68",
  "SOFTWARE_NAME": "JUNOMAKEPDS.PY 0.12",
  "SOLAR_DISTANCE": "7.5975e+08 <km>",
  "SOURCE_PRODUCT_ID": "3D-090044000C-2024-362T02.05.02",
  "SPACECRAFT_ALTITUDE": "79351.5 <km>",
  "SPACECRAFT_CLOCK_START_COUNT": "788534804:109",
  "SPACECRAFT_CLOCK_STOP_COUNT": "N/A",
  "SPACECRAFT_NAME": "JUNO",
  "STANDARD_DATA_PRODUCT_ID": "JUNOCAM-EDR",
  "START_TIME": "2024-12-27T01:18:13.519",
  "STOP_TIME": "2024-12-27T01:18:18.713",
  "SUB_SPACECRAFT_LATITUDE": "-80.9002",
  "SUB_SPACECRAFT_LONGITUDE": "285.7258",
  "TARGET_NAME": "IO",
  "TITLE": "Io Image",
  "TOKEN_ID": []
}
